{"cameraMode":{"drawMode":0,"name":"Shaded","section":"Shading Mode"},"sceneLighting":false,"audioPlay":false,"sceneViewState":{"m_AlwaysRefresh":false,"showFog":true,"showSkybox":false,"showFlares":true,"showImageEffects":true,"showParticleSystems":true,"showVisualEffectGraphs":true,"m_FxEnabled":true},"in2DMode":false,"pivot":{"x":17.18958854675293,"y":1.2515002489089966,"z":4.447036266326904},"rotation":{"x":0.13136805593967439,"y":0.8508833646774292,"z":-0.25345101952552798,"w":0.44102850556373598},"size":1.0858736038208008,"orthographic":false}