{"cameraMode":{"drawMode":0,"name":"Shaded","section":"Shading Mode"},"sceneLighting":true,"audioPlay":false,"sceneViewState":{"m_AlwaysRefresh":false,"showFog":true,"showSkybox":true,"showFlares":true,"showImageEffects":true,"showParticleSystems":true,"showVisualEffectGraphs":true,"m_FxEnabled":true},"in2DMode":false,"pivot":{"x":16.777313232421876,"y":-13.489574432373047,"z":-1.1523892879486085},"rotation":{"x":-0.22251927852630616,"y":-0.6927885413169861,"z":0.23985426127910615,"w":-0.6426712870597839},"size":13.52566146850586,"orthographic":false}