{"cameraMode":{"drawMode":0,"name":"Shaded","section":"Shading Mode"},"sceneLighting":true,"audioPlay":false,"sceneViewState":{"m_AlwaysRefresh":false,"showFog":true,"showSkybox":true,"showFlares":true,"showImageEffects":true,"showParticleSystems":true,"showVisualEffectGraphs":true,"m_FxEnabled":true},"in2DMode":false,"pivot":{"x":-2.0396506786346437,"y":3.349928617477417,"z":-5.530012130737305},"rotation":{"x":-0.32226645946502688,"y":0.06014879792928696,"z":-0.020523304119706155,"w":-0.944522500038147},"size":0.7160142660140991,"orthographic":false}